Income,Marital_Status,Expenses,Cluster
-1.066486519495588,1,-0.3542359866905554,2
0.38012579768556687,1,0.43921167135909905,0
0.6176147293212421,0,0.7064243665216279,3
-0.6886659949314525,0,-0.3706168415664193,1
-1.4446429116668194,0,-0.03788072690043512,1
1.1648346615370524,0,0.45047350908625544,3
0.9243229214375134,1,1.1415408241617608,0
-0.08999725199230559,0,-0.35014077297158946,1
0.7890293426154926,0,0.7709239825953417,3
-0.5550212207260847,0,-0.33273611466598413,1
-0.41087295044426125,0,-0.395188123880215,1
0.8269518487985099,1,0.5108779114410034,0
-0.4786571402399927,1,-0.32966470437675965,2
-1.1141186528655613,1,-0.3757358587151267,2
0.16614759854660927,0,0.21909393396467877,3
-0.09014991908644011,1,0.29076017404658305,2
-0.4264755274648102,1,0.0788328640900947,2
0.8996213856065464,0,1.6513949321730228,3
0.9031327287716405,0,0.5446634246224725,3
0.8292723886293548,1,0.3460455592526235,0
1.3098989343836829,0,1.8582032249808036,3
0.026640407926475526,1,0.6081392372664448,2
-0.8867057494427651,0,-0.38085487586383415,1
-0.7118713932399011,0,-0.35218837983107243,1
-0.563723245091753,1,-0.38904530330176607,2
0.187032457024213,0,0.22114154082416176,3
-0.09082165430063205,1,-0.34092654210391604,2
-0.3044945192513206,1,0.1279754287176862,2
-1.0606851699184758,0,-0.3665216278474533,1
0.4208879118194864,0,0.11261837727156386,3
-0.6777960978290739,0,-0.34092654210391604,1
0.48665689597264206,1,0.21499872024571282,0
0.10810356935666086,1,-0.16483235218837983,0
0.01544231790756351,0,-0.2938315843358075,1
-1.3068761259198192,1,-0.30202201177373944,2
0.4155750969436048,0,0.009214230867673407,3
0.16776586974443528,0,-0.28154594317890963,3
0.006305150987756099,0,-0.08702329152802663,1
0.2777777777777778,0,0.8743281289992322,3
1.0715550670208542,0,0.16483235218837983,3
-0.3513938505694483,0,-0.25287944714614796,1
-0.8872858844004763,0,-0.3081648323521884,1
-0.7118713932399011,0,-0.35218837983107243,1
0.08700497694726879,0,0.12592782185820323,3
-0.9512533968428445,1,-0.37983107243409264,2
-0.1996427589997252,0,-0.2549270540056309,1
-0.1239504137278251,1,0.1279754287176862,2
1.2462062227107569,0,0.8876375735858715,3
0.37255350981649415,0,0.7269004351164576,3
-1.0030686085921041,1,-0.36959303813667777,2
0.8949192391072028,0,1.131302789864346,3
-0.14483527220542886,1,-0.019452265165088304,2
0.614072852737321,0,0.7709239825953417,3
-0.40391133095172665,1,-0.07371384694138726,2
-0.05586088974382462,0,0.48937803941643204,1
-0.20855851729718178,0,-0.18530842078320964,1
0.6293700955696009,1,0.8518044535449194,0
0.1355531128820494,0,-0.0030714102892244687,3
0.4147201612164514,0,0.15152290760174048,3
-0.8075631278434247,0,-0.3675454312771948,1
0.7233824921376446,0,0.8108523163552598,3
-0.12737015663643858,1,-0.28154594317890963,2
0.5295258160056181,0,1.2183260813923726,3
-0.3681566975054197,1,-0.32249808036856925,2
1.0679521235992795,0,0.8948041975940619,3
0.8533327226649567,1,0.940875351932429,0
0.3773472565723184,0,0.15357051446122344,3
0.07073066471252785,0,0.27233171231123626,3
0.12862202680834173,0,0.12490401842846173,3
0.5,1,0.5467110314819554,0
0.265350676315227,0,0.005119017148707448,3
-0.018335318005557082,1,-0.24468901970821602,2
-0.8706146377209856,0,-0.28154594317890963,1
-0.4399102317486489,0,-0.34195034553365755,1
0.3542029251015236,0,0.7217814179677502,3
0.11039357576867882,0,0.3388789352444331,3
-0.6070806998259595,1,-0.3849500895828001,2
0.614072852737321,0,0.7709239825953417,3
1.0367469695581815,1,0.938827745072946,0
0.9191017068181124,0,1.2766828768876375,3
-0.4488870568837593,0,-0.08190427437931917,1
-1.1196452016732314,0,-0.3511645764013309,1
-0.969603981557815,0,-0.3829024827233171,1
0.18822326035846235,0,0.005119017148707448,3
0.915987298097768,1,1.2039928333759917,0
-0.4006442551372477,0,-0.0798566675198362,1
1.302021312326341,0,1.9513693370872793,3
-0.6474153460963024,0,-0.0296902994625032,1
0.08269976489267503,0,0.29485538776554904,3
0.5351134316509419,1,1.2684924494497056,0
-0.48977130469298646,0,-0.3583312004095214,1
-1.1623919880308997,0,-0.37983107243409264,1
1.03399896186376,0,1.5971333503967238,3
0.5677841897957314,1,0.18428461735346813,0
-0.3942627706024244,0,-0.3040696186332224,1
-0.25280144117736864,0,-0.1597133350396724,1
0.29228115172055813,0,0.6265676990017917,3
0.2666330799059571,1,0.8026618889173279,0
0.334905804402919,0,0.21499872024571282,3
-0.04401392323898507,0,-0.1289992321474277,1
-0.7760221061952307,0,-0.3869976964422831,1
-0.34177582363897285,0,-0.28256974660865114,1
-0.4282464657567708,0,-0.21295111338622985,1
-0.1521938261427132,1,0.7647811620168927,2
-0.8296387896552777,0,-0.20783209623752238,1
0.03369362767549083,0,0.5528538520604044,1
-0.16239198803089983,1,-0.31123624264141286,2
0.4877560990504107,0,0.6347581264397236,3
1.368065097248939,0,0.42283081648323523,3
0.8918353638056853,0,0.836447402098797,3
0.3894690238466001,1,1.4415152290760174,0
-0.17231534914964428,1,-0.28256974660865114,2
-0.7481756282250923,1,-0.347069362682365,2
0.19185673719886415,0,0.07576145380087024,3
0.49923666452932736,1,0.9060660353212183,0
0.6022564196513084,1,0.8538520604044023,0
-0.2420231443314708,0,-0.3245456872280522,1
0.5709291319349028,0,1.2039928333759917,3
-0.7069860462275961,0,-0.3255694906577937,1
0.6737351531250955,0,0.4637829536728948,3
-0.2651674758022656,0,-0.13309444586639366,1
-1.3508442490305639,0,-0.30304581520348095,1
-1.1247137491984978,1,-0.33785513181469157,2
-0.4429330402125126,0,-0.342974148963399,1
0.632606637965253,0,0.6664960327617098,3
-0.2430002137339318,0,0.23854619912976707,1
-0.4060486702696101,0,-0.3665216278474533,1
0.06462398094714665,0,0.5313539800358331,3
-0.8926292326951849,1,0.1781417967750192,2
-0.23164178193032273,0,-0.3583312004095214,1
1.017694116210192,1,1.05144612234451,0
0.9290861347745107,0,1.5479907857691324,3
-1.3508442490305639,0,-0.3900691067315076,1
-1.2972580989893439,1,-0.3829024827233171,2
-0.40198772556563156,0,-0.3634502175582288,1
0.9008732557784496,1,1.0063987714358844,0
-0.3062043907056273,1,-0.22728436140261069,2
-0.24901529724283228,0,-0.27028410545175324,1
0.5978596073402339,0,0.9306373176350141,3
-0.3656224237427865,0,0.09111850524699258,1
-0.5550822875637386,0,-0.35321218326081394,1
0.8610271442093371,1,0.6019964166879959,0
-0.30849439711764526,1,0.04607115433836703,2
0.3274556502091539,0,0.5047350908625544,3
-0.673857286800403,0,-0.37983107243409264,1
-0.38910262282067726,0,-0.35014077297158946,1
0.06477664804128118,0,0.0788328640900947,3
0.09900461054624286,0,-0.03890453033017661,3
-0.7591981924216055,1,-0.13104683900691066,2
0.38800341974290864,1,0.41873560276426924,0
0.3408598210741657,0,0.23137957512157667,3
0.47419926109126437,1,0.345021755822882,0
-0.4522457329547189,0,-0.10135653954440747,1
-0.02227412903422796,0,-0.19145124136165856,1
0.2011694299410705,1,0.6839006910673151,0
-0.7075967146041342,1,-0.3583312004095214,2
-1.2446184849317579,1,-0.3747120552853852,2
-0.8905834936337822,0,-0.3675454312771948,1
0.01544231790756351,1,-0.3839262861530586,2
0.13979725809898935,0,0.31328384950089583,3
-0.26263320203963236,0,-0.16483235218837983,1
0.8928124332081463,1,0.8139237266444843,0
0.5859515739977406,0,0.5252111594573842,3
0.7111385911880553,0,0.83849500895828,3
-0.7496412323287839,0,-0.3869976964422831,1
0.09582913498824464,1,0.40849756846685437,0
0.8367530762419468,1,0.17199897619657026,0
-0.5383805074654209,0,-0.3829024827233171,1
0.31087600378614394,0,-0.2764269260302022,3
0.5501358737137797,1,0.6480675710263629,0
0.01544231790756351,1,-0.3869976964422831,2
-0.34473756526518273,0,-0.3552597901202969,1
-0.28513633171506214,0,-0.3624264141284873,1
0.8026167139934659,1,0.13514205272587662,0
0.230908979878477,0,0.6675198361914513,3
0.5475405331134927,1,0.45968773995392886,0
-0.984901224390095,1,-0.395188123880215,2
-1.2446184849317579,1,-0.3747120552853852,2
0.8894537571371867,1,0.9623752239570003,0
-0.6852767854416659,0,-0.3941643204504735,1
-1.1803456383011206,0,-0.3757358587151267,1
0.9248725229763977,1,0.8579472741233684,0
0.3887667552135813,0,0.4371640644996161,3
-0.7771213092729993,0,-0.3265932940875352,1
-0.32354737259930993,0,-0.39211671359099054,1
-0.5036640102592287,1,-0.34195034553365755,2
1.4361546212329395,1,1.6503711287432812,0
0.7431681475374797,0,0.6521627847453288,3
-0.04758633324173308,0,-0.16892756590734578,1
-0.6992916246832158,0,-0.37266444842590224,1
1.0646545143659736,0,1.235730739697978,3
0.5828066318585692,0,0.03583312004095214,3
0.3378675460291289,0,0.4330688507806501,3
0.8758663857592135,0,1.4732531353980036,3
0.9307349393911636,0,0.5180445354491937,3
-1.0233122652743427,0,-0.37675966214486817,1
-0.52338859882141,0,-0.0798566675198362,1
-0.6335531739488871,1,-0.36140261069874585,2
-0.6169735275258771,0,-0.35321218326081394,1
0.5812188940795701,0,0.40030714102892245,3
0.041571249732832584,0,0.7054005630918864,3
-1.0572043601722085,0,-0.2743793191707192,1
-0.08529510549296204,1,0.5180445354491937,2
-0.03729657109706574,1,-0.26721269516252877,2
-0.4762144667338402,0,-0.22933196826209368,1
-0.5223809960001221,0,-0.3900691067315076,1
-0.5418307837928613,1,-0.33273611466598413,2
-0.01812158407376874,0,-0.08292807780906065,1
0.21081799029037282,0,-0.26209367801382133,3
0.6279960917223901,1,1.5715382646531866,0
0.9824280174651155,1,1.2193498848221143,0
-0.14401086989710238,1,-0.3849500895828001,2
-0.14752221306219657,0,-0.3358075249552086,1
0.866614759854661,0,1.1251599692858971,3
0.09943207840981955,1,0.06040440235474789,0
-0.3243107080699826,0,-0.32249808036856925,1
0.08737137797319165,0,-0.17302277962631174,3
0.4276663307990596,0,0.15254671103148196,3
-0.032899758785991266,1,0.16892756590734578,2
0.47948154254831915,0,0.796519068338879,3
0.558837898079448,1,1.1343742001535706,0
0.04795273426765595,0,-0.12080880470949577,3
0.18978046471863455,0,0.246736626567699,3
-0.1339959085218772,0,-0.17507038648579473,1
0.39221703154102167,1,-0.29485538776554904,0
-0.1350035113431651,0,0.018428461735346815,1
1.0591279655583035,1,1.0780650115177886,0
-0.4014686574455742,1,-0.22421295111338624,2
0.6461940093432261,0,1.1456360378807269,3
-0.5343195627614424,0,-0.3900691067315076,1
0.6255228847974108,1,0.8743281289992322,0
0.6773686299654972,0,1.2121832608139238,3
-0.673857286800403,0,-0.37983107243409264,1
-0.5288540807914263,0,-0.3747120552853852,1
-0.7790143812402675,0,-0.37983107243409264,1
0.5164269793288755,1,1.1691835167647813,0
-0.15289609477573204,0,-0.06757102636293831,1
-0.2795487160697383,0,-0.14742769388277452,1
-0.30788372874110714,1,-0.3317123112362426,2
-0.7831974596195536,0,-0.31430765293063734,1
0.09347806173857287,1,0.3040696186332224,0
0.3734389789624744,1,0.8937803941643204,0
-0.37817165888064486,0,-0.3818786792935756,1
1.0303044181857042,1,1.0104939851548502,0
-0.6467436108821105,0,-0.3736882518556437,1
0.7898537449238191,0,1.3145636037880728,3
-0.7417025434337883,0,-0.25902226772459686,1
-0.6070806998259595,1,-0.3562835935500384,2
-0.09289792678086166,0,-0.3644740209879703,1
0.8837440078165553,0,0.6224724852828257,3
0.22321455833409667,1,0.09726132582544152,0
0.5629599096210802,1,0.6531865881750704,0
-0.48296235229458645,0,-0.3706168415664193,1
0.24196207749381698,0,0.64601996416688,3
1.1966504839546883,1,1.3196826209367802,0
-0.6384079875423652,0,-0.37675966214486817,1
0.27002228939574363,0,0.3480931661121065,3
-0.8782174590088853,0,-0.2876887637573586,1
0.7802967848309975,1,0.4023547478884054,0
-1.5270220756618118,1,-0.397235730739698,2
-0.4057738695001679,0,-0.3317123112362426,1
0.2305425788525541,0,0.11364218070130534,3
-0.8640804860920277,1,-0.3777834655746097,2
-0.375209917254435,0,-0.34911696954184795,1
-0.360889743824616,0,-0.2457128231379575,1
0.23631339501083937,0,0.06654722293319683,3
-0.5586852309853134,0,-0.3869976964422831,1
0.9390705627309089,0,1.5592526234962887,3
-0.17204054838020214,1,-0.2774507294599437,2
1.3168910872950443,0,0.6982339390836959,3
0.5756923452719,1,0.585615561812132,0
-0.6467436108821105,0,-0.3736882518556437,1
0.40800280907453207,0,0.6726388533401587,3
-0.7872278709047053,1,-0.3480931661121065,2
0.6067448322188636,0,0.38904530330176607,3
0.3796677964031633,1,1.4640389045303301,0
-0.0138774388568288,0,-0.21909393396467877,1
-0.479847943574242,0,-0.342974148963399,1
0.9706726512167567,0,1.4916815971333504,3
0.830188391194162,0,0.5600204760685948,3
-0.4141094928399133,0,-0.31328384950089583,1
-0.8902476260266862,1,-0.32249808036856925,2
1.1100577081615828,0,0.45866393652418735,3
-1.3508442490305639,0,-0.36856923470693626,1
-0.6092485725626698,1,-0.3439979523931405,2
-0.6711703459436353,1,-0.2364985922702841,2
0.2849531312021007,0,0.7228052213974917,3
-0.7594729931910476,1,-0.39109291016124903,2
-0.147705413575158,1,-0.146403890453033,2
-0.016686513388904155,0,0.17199897619657026,1
0.4443375774785503,1,0.5845917583823906,0
-0.18495618454398338,1,-0.37675966214486817,2
-0.7813959879087662,1,-0.37675966214486817,2
0.736572929070868,0,0.8661377015613002,3
-0.6847577173216085,0,-0.3562835935500384,1
-0.005267014747641293,1,0.07269004351164576,2
-0.6284235595859669,1,-0.33990273867417453,2
-0.1471252786174468,1,-0.02764269260302022,2
0.33902781594455134,0,0.8006142820578449,3
1.1750633568440658,0,2.002559508574354,3
-0.21799334371469573,0,-0.10647555669311493,1
-1.1960092821593233,1,-0.3511645764013309,2
0.5085493572715337,0,1.0442794983363195,3
-0.43804769320020764,0,-0.3654978244177118,1
-0.09329486122561143,0,-0.3849500895828001,1
0.4112393514701841,0,0.342974148963399,3
1.0126255686849257,0,1.2643972357307396,3
0.8385545479527343,0,0.5108779114410034,3
0.22501603004488413,0,0.4842590222677246,3
0.6205764709474519,1,1.4292295879191195,0
-0.6524838936215688,1,-0.36037880726900434,2
0.24886263014869775,0,-0.3163552597901203,3
0.0901193856676132,0,0.5456872280522139,3
0.7975786998870263,0,0.9163040696186332,3
-0.5409147812280541,0,-0.3276170975172767,1
-1.0018778052578547,0,-0.31840286664960327,1
0.4608561570639064,0,0.6521627847453288,3
-0.5583188299593905,0,-0.36856923470693626,1
-0.17869683368446765,1,-0.3583312004095214,2
-0.22654270098622942,0,-0.31123624264141286,1
0.2914262159934048,0,0.2170463271051958,3
-0.6479038807975329,0,-0.07166624008190428,1
1.1681628041891852,0,1.1087791144100332,3
0.11094317730756313,0,-0.23957000255950858,3
-0.23481725748832097,1,-0.23035577169183516,2
0.3103264022472596,0,-0.16892756590734578,3
-0.10691276602241152,1,0.49756846685436396,2
-0.18266617813196542,0,-0.3358075249552086,1
0.5060761503465543,0,0.8343997952393141,3
-0.8981252480840279,1,-0.38085487586383415,2
-0.1088058379896797,0,-0.14538008702329153,1
0.790220145949742,0,0.3255694906577937,3
-0.5668071203932704,0,-0.3552597901202969,1
-0.8542792586485909,1,-0.3624264141284873,2
0.024106134163842326,0,0.40747376503711286,1
0.40330066257518854,1,0.5835679549526491,0
-0.8111355378461726,0,-0.39211671359099054,1
-1.2883118072730604,1,-0.3757358587151267,2
0.5992336111874447,0,0.3900691067315076,3
0.6071417666636133,0,0.9306373176350141,3
-0.9078043418521572,0,-0.37164064499616073,1
-0.47200085493572713,0,-0.3757358587151267,1
-0.47145125339684285,0,-0.3255694906577937,1
-0.2586943910109615,0,-0.3859738930125416,1
0.9413300357241,1,1.3207064243665216,0
0.16361332478397606,0,0.013309444586639366,3
-0.8088149980153277,0,-0.3869976964422831,1
0.9483221886354615,1,0.940875351932429,0
-0.16239198803089983,1,-0.31123624264141286,2
-0.4057738695001679,0,-0.3317123112362426,1
-0.5794174223687827,0,-0.3583312004095214,1
0.7569387194284144,0,0.4340926542103916,3
0.01544231790756351,0,0.33273611466598413,1
-0.2061769106286831,0,-0.02764269260302022,1
-0.07054746419956642,1,-0.03173790632198618,2
0.3747213825532045,0,0.0491425646275915,3
0.531205154041098,0,-0.17302277962631174,3
0.45313120210069924,1,0.9132326593294088,0
1.0412659155445636,0,1.5991809572562068,3
-0.1492320845165033,1,-0.13616585615561813,2
-0.5240603340356019,0,-0.397235730739698,1
-0.5301059509633294,0,-0.2262605579728692,1
-0.2153369362767549,0,-0.3706168415664193,1
0.39230863179750236,0,0.9644228308164833,3
0.5629599096210802,1,0.6531865881750704,0
-1.0250832035663033,0,-0.3839262861530586,1
0.48256541784983664,0,1.7711799334527771,3
0.6878110592042991,0,0.5078065011517788,3
-0.2924948856523465,0,-0.2569746608651139,1
1.2342065891117828,0,1.7302277962631174,3
0.5349912979756344,1,0.17609418991553621,0
-0.8995603187688925,0,-0.39211671359099054,1
1.0363500351134316,1,1.426158177629895,0
0.7845714634667643,0,0.746352700281546,3
0.7723580959360019,0,0.744305093422063,3
-0.9861530945619981,0,-0.35014077297158946,1
-0.4766724680162438,1,0.09418991553621704,2
-0.14401086989710238,1,0.019452265165088304,2
-0.6402705260908064,0,-0.3849500895828001,1
0.01544231790756351,1,-0.21499872024571282,2
-0.3949039723977894,1,-0.15357051446122344,2
-0.5607004366278893,1,-0.3040696186332224,2
-0.5646392476565602,1,-0.29076017404658305,2
-0.5247931360874477,1,-0.34911696954184795,2
-0.34800464107966167,0,-0.18223701049398516,1
-0.6335531739488871,1,-0.36140261069874585,2
0.29976183933315015,1,0.1371896595853596,0
0.02050319074226741,0,0.5262349628871257,1
0.10431742542212452,0,0.02252367545431277,3
0.8213642331531862,0,1.4538008702329153,3
0.01544231790756351,0,1.3135398003583312,1
-0.5161216451406064,0,-0.23137957512157667,1
-1.0955238007999755,1,-0.36856923470693626,2
-0.0527464810234802,1,0.0,2
-0.8844462764495741,0,-0.3900691067315076,1
0.2731977649537419,1,0.24878423342718198,0
0.5461054624286281,1,0.4760685948297927,0
0.9043845989435437,1,0.39109291016124903,0
0.5919361240878142,1,1.2480163808548759,0
0.2881896735977527,0,0.3153314563603788,3
0.4898934383682941,1,0.7780906066035321,0
-0.5646392476565602,1,-0.29076017404658305,2
0.4057738695001679,0,0.47811620168927565,3
-0.7492442978840341,0,-0.33990273867417453,1
0.3378675460291289,0,0.4330688507806501,3
-0.3969497114591921,1,-0.342974148963399,2
-0.04963207230313578,0,-0.33785513181469157,1
-0.42690299532838694,1,-0.35014077297158946,2
-0.4567952123599279,0,-0.34092654210391604,1
0.42513205703642637,0,0.5620680829280779,3
-0.8988275167170469,1,-0.3869976964422831,2
-0.593615462123294,0,-0.3654978244177118,1
-0.3832402064059113,1,-0.2692603020220118,2
-1.3508442490305639,1,-0.347069362682365,2
18.77574730542579,0,-0.34195034553365755,3
0.11243931483008153,0,0.4924494497056565,3
-0.5430826539647644,1,-0.1289992321474277,2
0.15185795853561723,0,0.6388533401586896,3
0.8738206466978108,0,1.8786792935756336,3
0.9379408262343134,1,0.591758382390581,0
-0.8905834936337822,0,-0.3675454312771948,1
1.378110592042991,0,1.5817762989506015,3
-0.11405758602790754,0,-0.3634502175582288,1
-0.46039815578150284,0,-0.36959303813667777,1
1.19387194284144,1,1.0524699257742514,0
0.7828921254312845,0,0.74225748656258,3
0.8504015144575738,0,0.9930893268492449,3
-0.08095936001954139,1,0.29895060148451497,2
-0.27698390888827823,0,-0.1586895316099309,1
-0.011373698513022503,0,0.18428461735346813,1
-0.3981405147934414,0,-0.2938315843358075,1
0.15597997007724956,0,-0.34092654210391604,3
-0.5310219535281365,0,-0.3562835935500384,1
0.5388385087478245,0,0.41054517532633733,3
0.16471252786174467,0,0.25185564371640645,3
-0.06422704650239687,1,-0.3654978244177118,2
0.6461329425055723,1,1.6554901458919888,0
-0.6065005648682483,1,-0.33375991809572564,2
-1.1122255808982933,0,-0.33990273867417453,1
-0.4901682391377363,0,-0.1894036345021756,1
-0.3438826295380294,0,-0.3900691067315076,1
0.9217275808372264,0,1.6964422830816484,3
0.9797410766083479,1,1.5008958280010238,0
-0.4085524106134164,0,-0.2651650883030458,1
-0.2878232725718299,0,-0.1289992321474277,1
0.4257427254129645,0,0.3818786792935756,3
-0.3177460230221978,1,-0.21397491681597133,2
0.873087844645965,0,0.6716150499104172,3
-0.7120851271716894,1,-0.39211671359099054,2
-0.6519342920826845,0,-0.3235218837983107,1
0.3131049433605081,0,0.8538520604044023,3
0.8600195413880493,0,1.4087535193242897,3
-0.43456688345394034,0,-0.27949833631942667,1
0.601065616317059,0,0.22318914768364473,3
0.4208879118194864,0,0.11261837727156386,3
-0.011251564837714879,0,-0.0030714102892244687,1
-0.9541846050502275,0,-0.3747120552853852,1
-1.0234649323684772,0,-0.3368313283849501,1
0.1586974443528442,0,0.16892756590734578,3
-0.5509602760221062,1,-0.37675966214486817,2
0.4263228603706757,1,0.43102124392116714,0
0.8046013862172148,0,0.7258766316867161,3
0.01802998381728802,1,-0.1402610698745841,2
-0.4822906170803945,1,-0.3941643204504735,2
-0.34260022594729933,0,-0.3839262861530586,1
0.7186498122194742,0,0.5467110314819554,3
0.04413605691429269,0,-0.13207064243665217,3
0.6944368110897378,0,1.3698489889941132,3
0.3132270770358157,1,0.6388533401586896,0
-0.28538059906567737,1,-0.21909393396467877,2
-0.5268388751488504,1,-0.2999744049142565,2
-0.7791365149155751,0,-0.34092654210391604,1
-0.2970138316387286,0,0.040952137189659586,1
-0.6553235015724711,1,-0.3675454312771948,2
0.5210069921529114,1,-0.11568978756078833,0
0.8030136484382157,0,0.9449705656513949,3
0.3502030472351989,0,0.7954952649091375,3
-1.091157521907728,0,-0.2999744049142565,1
-1.0018778052578547,0,-0.31840286664960327,1
-0.5548685536319502,0,-0.34092654210391604,1
-0.9521083325699978,0,-0.3511645764013309,1
0.44989465970504716,0,0.6316867161504991,3
0.74277121309273,0,1.0033273611466598,3
0.4786876736588196,0,1.1005886869721013,3
0.4813440810967604,1,-0.06654722293319683,0
0.6091264388873622,1,0.8149475300742257,0
-0.48967970443650577,0,-0.30918863578192984,1
1.377102989221703,1,1.17532633734323,0
0.8984916491099508,0,0.8159713335039672,3
-0.4378644926872462,0,-0.3562835935500384,1
0.025266404079264754,1,-0.3081648323521884,2
0.4608561570639064,0,0.6521627847453288,3
0.5792647552746482,0,1.1067315075505504,3
-0.9561387438551494,0,-0.395188123880215,1
0.20049769472687856,1,0.5159969285897108,0
0.11274464901835059,0,0.49756846685436396,3
0.7981588348447376,0,0.43204504735090865,3
0.2067265121675674,0,0.7934476580496544,3
0.20581050960276023,0,0.342974148963399,3
0.407056273090898,0,0.5159969285897108,3
-1.0529602149552686,0,-0.34195034553365755,1
-0.8573936673689353,0,-0.3818786792935756,1
-0.9241702543433788,1,-0.3122600460711543,2
-0.644606271564227,1,-0.35218837983107243,2
0.248129828096852,0,0.8169951369337087,3
-0.21213092729992977,0,-0.3388789352444331,1
0.670620744404751,1,1.3299206552341951,0
-0.4868400964856035,0,-0.3358075249552086,1
0.7042380385331746,0,0.5825441515229076,3
-0.5710512656102104,0,-0.3255694906577937,1
-0.47948154254831915,1,-0.35730739697977987,2
0.39911758419590243,0,0.35730739697977987,3
0.01544231790756351,1,-0.3583312004095214,2
0.419727641904064,0,0.5804965446634246,3
0.7720527617477329,0,0.7975428717686204,3
0.53444169643675,0,0.45764013309444584,3
0.5538914842294892,1,1.1077553109802918,0
0.7377331989862905,0,0.5170207320194523,3
-0.42821593233794386,0,-0.37983107243409264,1
-0.5363347684040182,0,-0.37675966214486817,1
0.05836463008763091,1,0.8333759918095726,0
-0.5202131232634118,1,-0.3644740209879703,2
0.35127171689414066,0,0.3849500895828001,3
0.26907575341210954,1,0.4248784233427182,0
-0.6871698574089341,1,-0.3040696186332224,2
-0.08746297822967238,1,-0.2579984642948554,2
0.21909254679246434,0,-0.11671359099052982,3
-0.2036426368660499,1,-0.11466598413104684,2
-0.9964428567066654,0,-0.3583312004095214,1
-0.6338279747183292,1,-0.23445098541080112,2
-0.3404934200482428,1,-0.14128487330432557,2
-1.056379957863882,0,-0.35730739697977987,1
-0.413559891301029,0,-0.3644740209879703,1
-0.37218710879057126,1,-0.012285641156897875,2
-0.6408506610485176,0,-0.32249808036856925,1
0.5553570883331806,0,1.2961351420527258,3
-0.49035143965069766,1,-0.347069362682365,2
-0.5761808799731306,0,-0.36140261069874585,1
0.9801990778907514,0,1.2060404402354747,3
-0.2763427070929132,0,-0.03890453033017661,1
0.33826448047387864,0,0.593805989250064,3
-1.0713718665078928,1,-0.3347837215254671,2
1.239733137919453,0,1.538776554901459,3
-0.08621110805776923,1,-0.34195034553365755,2
1.1412933956215077,0,1.5643716406449961,3
-0.7766938414094227,0,-0.38904530330176607,1
0.5763335470672651,0,0.9050422318914768,3
-0.7523892400232054,0,-0.3675454312771948,1
-0.26538120973405394,0,-0.3276170975172767,1
1.3369820768831486,1,1.6319426670079344,0
-0.5545021526060273,0,-0.38802149987202456,1
0.04996793991023175,0,0.4064499616073714,3
0.28067845256633384,0,0.48835423598669053,3
0.9043845989435437,1,0.39109291016124903,0
0.2324356508198223,0,0.06449961607371385,3
0.45768068150590824,1,0.6480675710263629,0
-1.3711489725504564,0,-0.2651650883030458,1
-0.6638728588440047,1,-0.24161760941899155,2
0.1188818662025587,1,0.198617865369849,0
-0.7379469329180789,0,-0.15561812132070643,1
1.302021312326341,0,1.9513693370872793,3
0.9801990778907514,0,1.2060404402354747,3
0.21197826020579524,1,0.42692603020220116,0
-0.17771976428200664,0,-0.20168927565907346,1
0.06254770846691704,0,0.14947530074225748,3
-1.08373790113279,0,-0.347069362682365,1
3.2213214863668287,0,1.2408497568466854,3
-0.3820799364904888,1,-0.3849500895828001,2
0.15433116546059664,0,0.6194010749936012,3
0.46989404903667065,0,0.593805989250064,3
0.8308295929895271,0,1.7363706168415665,3
-0.02660987450764862,0,-0.34092654210391604,1
0.6271716894140636,1,0.9572562068082928,0
-0.025754938780495253,0,0.4740209879703097,1
0.8671338279747183,0,1.7353468134118248,3
-0.04132698238221734,1,-0.02457128231379575,2
0.5274495435253885,0,1.1640644996160736,3
-1.0074654209031786,1,-0.33990273867417453,2
0.8999877866324693,1,0.7791144100332736,0
-0.3177460230221978,1,-0.21397491681597133,2
-0.747656560105035,0,-0.3675454312771948,1
-1.0271900094653599,0,-0.39109291016124903,1
0.9276205306708192,0,1.0094701817251088,3
-0.605615095722268,1,0.05426158177629895,2
0.14758327989985037,0,0.14947530074225748,3
0.06825745778754848,0,0.5231635525979011,3
-0.44119263533937897,0,0.06552341950345533,1
-0.4764282006656285,0,-0.25083184028666494,1
0.4196971084852371,0,0.7914000511901715,3
0.6872614576654148,0,0.7801382134630152,3
0.0982412750755702,1,0.8558996672638853,0
0.44674971756587584,0,0.21499872024571282,3
0.7711672926017527,0,1.5500383926286152,3
-0.7479924277121309,0,-0.30202201177373944,1
-0.11552319013159904,1,0.011261837727156386,2
1.0471588653781565,1,0.34195034553365755,0
0.7333363866752161,0,2.1397491681597134,3
0.6174620622271075,1,1.5090862554389557,0
0.22351989252236573,0,-0.33273611466598413,3
-0.45816921620713874,1,-0.38802149987202456,2
-0.8402949528258679,0,-0.34911696954184795,1
0.917636102714421,0,1.0094701817251088,3
-1.0018778052578547,0,-0.31840286664960327,1
0.3336844676498428,0,0.43921167135909905,3
-0.6445757381454001,0,-0.33375991809572564,1
-1.2621752007572289,0,-0.36140261069874585,1
1.1176910628683094,0,1.7609418991553623,3
0.09002778541113249,0,-0.20271307908881495,3
-0.4006442551372477,0,-0.0798566675198362,1
-1.0000763335470673,0,-0.38904530330176607,1
0.013694238343867363,0,-0.3265932940875352,1
0.37169857408934076,0,0.4023547478884054,3
0.5865317089554517,0,0.8210903506526747,3
-0.8612103447222985,0,-0.395188123880215,1
-1.1264541540716313,1,-0.3388789352444331,2
-0.5710512656102104,0,-0.3255694906577937,1
0.7817013220970352,0,0.7555669311492194,3
-0.31542548319135294,1,-0.26311748144356284,2
-0.40287319471161187,0,-0.3829024827233171,1
-0.407056273090898,0,0.14128487330432557,1
0.5112973649659552,0,0.9930893268492449,3
1.2583890568226925,0,1.4148963399027388,3
0.538319440627767,0,1.0084463782953672,3
0.42604805960123354,0,0.2661888917327873,3
-0.1881621935208085,0,-0.2180701305349373,1
-1.4570089462917162,0,-0.39621192730995647,1
-1.0750969436047755,0,-0.36037880726900434,1
-0.9048120668071203,0,-0.3736882518556437,1
-0.031037220237549998,0,0.19452265165088303,1
0.9340325486244695,1,1.6483235218837984,0
-0.5421361179811304,1,-0.36037880726900434,2
-1.1280724252694574,0,-0.35321218326081394,1
0.4115446856584532,0,0.9070898387509598,3
0.9108882171536747,0,1.4353724084975685,3
-0.621553540349913,1,-0.3777834655746097,2
0.10679063234710391,1,0.39211671359099054,0
0.21081799029037282,0,-0.26209367801382133,3
-0.22721443620042137,0,-0.3624264141284873,1
0.28464779701383164,0,0.7002815459431789,3
-0.8844462764495741,0,-0.3900691067315076,1
-1.267030014350707,1,-0.3634502175582288,2
0.4080638759121859,0,0.5907345789608395,3
0.9590394186437056,0,1.9964166879959049,3
0.6700711428658667,0,1.2603020220117738,3
1.1876431254007511,1,2.1796775019196315,0
0.6123324478641874,0,0.5774251343742002,3
0.3486153094561998,1,1.434348605067827,0
0.01544231790756351,0,1.2439211671359098,1
0.9885347012304968,0,1.1978500127975429,3
-0.5235107324967176,0,-0.3818786792935756,1
0.13775151903758664,0,0.20578448937803942,3
0.07234893591035388,1,-0.008190427437931917,0
-0.4902903728130439,0,-0.3747120552853852,1
0.4526121339806418,1,0.6849244944970566,0
-0.7488778968581112,1,-0.30099820834399793,2
1.1001038136240116,0,1.5981571538264654,3
-0.5581356294464291,1,-0.35014077297158946,2
0.6207291380415865,1,0.9644228308164833,0
0.03079295288693475,0,0.4750447914000512,1
-0.018854386125614485,1,-0.36140261069874585,2
0.5299532838691948,0,2.0926542103916046,3
0.20932185276785442,0,0.345021755822882,3
-0.5400903789197277,0,-0.2999744049142565,1
0.5732191383469207,1,0.882518556437164,0
-0.06028823547372599,1,0.30304581520348095,2
0.8508289823211505,1,1.5633478372152547,0
-0.2900216787273671,0,-0.34911696954184795,1
0.9801990778907514,0,1.2060404402354747,3
-0.39994198650422885,1,-0.3552597901202969,2
0.17072761137064518,1,1.2961351420527258,0
-0.326783914994962,0,0.07269004351164576,1
0.3367988763701872,1,0.5630918863578193,0
0.08074562608775304,0,0.07576145380087024,3
0.8861256144850539,0,1.0432556949065779,3
-0.12010320295563494,0,-0.17609418991553621,1
1.2554578486153094,1,1.7210135653954441,0
-0.909483679887637,0,-0.34911696954184795,1
0.5500137400384721,0,0.5098541080112619,3
-0.8730573112271381,0,-0.3675454312771948,1
0.4803059448566456,0,0.018428461735346815,3
-0.8358370736771397,1,-0.38085487586383415,2
-0.9379102928154865,0,-0.3194266700793448,1
-1.0908827211382859,1,-0.3665216278474533,2
0.10712649995419987,1,0.5190683388789352,0
-0.010060761503465543,0,-0.20578448937803942,1
0.3269671155079234,1,0.6132582544151522,0
0.01544231790756351,0,-0.3859738930125416,1
-0.08663857592134591,1,-0.025595085743537242,2
0.07225733565387317,0,0.3593550038392629,3
0.7256419651308357,0,1.068850780650115,3
0.9909468413178224,1,0.8610186844125928,0
-0.7130316631553235,0,-0.37675966214486817,1
0.7827089249183231,0,0.27130790888149475,3
-0.9869164300326707,0,-0.33375991809572564,1
0.3842172758083723,1,0.932684924494497,0
-0.4844279563982779,0,-0.2733555157409777,1
-1.0509144758938658,0,-0.3583312004095214,1
-0.49456505144881074,1,-0.3368313283849501,2
-0.31444841378889193,0,0.08804709495776811,1
-0.863011816433086,0,-0.2549270540056309,1
-0.5932185276785442,0,-0.24264141284873306,1
-0.4426582394430704,1,-0.34911696954184795,2
0.16333852401453391,0,0.10238034297414897,3
-0.06801319043693323,1,-0.02764269260302022,2
-0.4671155079234222,0,-0.26414128487330435,1
-0.29228115172055813,0,-0.3747120552853852,1
-0.622530609752374,0,-0.3736882518556437,1
0.8611798113034717,1,1.1077553109802918,0
-0.7272907697474886,0,-0.3634502175582288,1
0.03390736160727917,0,0.4944970565651395,1
-0.18483405086867577,0,-0.09214230867673406,1
0.5747763427070929,1,0.36959303813667777,0
-0.7505877683124179,0,-0.3839262861530586,1
-0.05418155170834478,1,-0.09214230867673406,2
-0.06828799120637538,0,0.3634502175582288,1
-0.36284388262953804,1,-0.3081648323521884,2
0.12520228389972826,0,0.12490401842846173,3
0.819135293578822,0,1.371896595853596,3
-0.8953161735519526,0,-0.23957000255950858,1
1.177322829837257,0,1.373944202713079,3
-0.13036243168147538,0,-0.3286409009470182,1
-0.2974412995023053,1,0.26311748144356284,2
-0.2669994809318799,1,-0.3900691067315076,2
-0.4565204115904858,0,-0.33785513181469157,1
0.7532747091691857,1,1.4456104427949834,0
-1.0562578241885745,0,-0.3358075249552086,1
0.4222008488290434,0,0.4740209879703097,3
-0.14993435314952216,0,-0.3255694906577937,1
-1.1321944368110897,0,-0.3788072690043512,1
-0.4085524106134164,0,-0.2651650883030458,1
1.0494183383713473,0,1.0125415920143332,3
0.06914292693352875,0,0.1894036345021756,3
0.5586546975664866,0,0.8681853084207832,3
-0.6609111172177948,0,-0.3593550038392629,1
-0.9896644377270923,0,-0.3439979523931405,1
-0.18028457146346677,0,-0.02354747888405426,1
0.128530426551861,0,1.001279754287177,3
0.7185887453818204,0,0.6593294087535193,3
0.8504015144575738,0,0.9930893268492449,3
-1.019312387408018,1,-0.347069362682365,2
-0.48390888827822054,1,-0.20168927565907346,2
0.29280021984061555,1,0.24161760941899155,0
0.7597477939604897,1,0.5149731251599693,0
0.7042075051143476,0,0.4340926542103916,3
0.7337943879576196,0,0.4371640644996161,3
-0.12208787517938384,0,-0.12388021499872025,1
-0.20147476412933957,0,-0.08702329152802663,1
-1.3508442490305639,0,-0.33273611466598413,1
-0.5834783670727611,0,0.18428461735346813,1
-0.9059723367225428,0,-0.3368313283849501,1
-0.31353241122408476,1,-0.3276170975172767,2
0.9901224390094959,0,1.5592526234962887,3
0.7315959818020824,0,1.5613002303557717,3
0.389835424872523,1,1.3575633478372153,0
1.1891392629232695,1,1.4159201433324802,0
-0.17231534914964428,1,-0.28256974660865114,2
-0.5057402827394584,0,-0.345021755822882,1
-0.8275319837562212,0,-0.36037880726900434,1
-0.9561998106928032,0,-0.347069362682365,1
-0.8887514885041679,0,-0.3071410289224469,1
0.814585814173613,1,1.0821602252367546,0
-0.33530273884766876,1,-0.31021243921167135,2
-0.519174987023297,1,-0.3849500895828001,2
0.08215016335379072,0,-0.3665216278474533,3
-0.5706848645842875,1,0.44944970565651393,2
0.5769747488626301,1,0.9603276170975172,0
0.34476809868400965,1,0.7228052213974917,0
0.8118683398980184,1,1.27156385973893,0
-0.7029861683612714,0,-0.347069362682365,1
-1.1130805166254465,1,-0.3736882518556437,2
0.2666330799059571,1,0.8026618889173279,0
-1.0091752923574853,0,-0.3439979523931405,1
0.07314280479985344,1,-0.1975940619401075,0
-1.0088394247503893,1,-0.36037880726900434,2
0.9392842966626973,0,0.685948297926798,3
-0.4849164910995084,1,-0.3552597901202969,2
0.01544231790756351,1,0.6716150499104172,2
-0.22101615217855944,1,-0.3562835935500384,2
0.3500503801410644,0,0.5446634246224725,3
-0.7309242465878905,0,-0.22523675454312772,1
-1.1122255808982933,0,-0.33990273867417453,1
-0.45252053372416107,1,-0.3665216278474533,2
0.1693536075234344,0,0.2170463271051958,3
0.6392934566883454,1,0.79037624776043,0
0.3708436383621874,1,0.8692091118505247,0
0.6243626148819883,0,1.5879191195290505,3
0.01544231790756351,0,-0.19349884822114155,1
0.27951818265091144,0,1.336063475812644,3
0.31893682635644716,0,0.9081136421807013,3
0.7065280449451925,0,0.5815203480931661,3
-0.6941009434826417,0,-0.36037880726900434,1
-0.04486885896613844,0,-0.16687995904786282,1
0.3015633110439376,1,0.9715894548246736,0
-0.3929498335928674,0,-0.3122600460711543,1
0.38690421666514,0,-0.11978500127975429,3
0.18916979634209644,0,0.2938315843358075,3
0.38513327837317946,0,1.0739697977988227,3
0.6480870813104943,1,0.10340414640389045,0
-1.0091752923574853,0,-0.3439979523931405,1
-0.16117065127782357,0,-0.16483235218837983,1
-0.7662514121706208,0,-0.3511645764013309,1
-0.1340264419407041,0,-0.0788328640900947,1
-0.6064394980305945,1,-0.3900691067315076,2
0.3288907208940185,0,0.3276170975172767,3
-1.0060303502183139,0,-0.3265932940875352,1
-0.4124912216420873,0,-0.2805221397491682,1
-0.11882079936490489,0,-0.2682364985922703,1
0.8606912766022412,0,1.3893012541592014,3
-0.4849164910995084,1,-0.3552597901202969,2
-0.275762572135202,1,0.010238034297414897,2
-0.8835608073035938,1,-0.3788072690043512,2
-0.4474519861988947,0,0.005119017148707448,1
0.01544231790756351,0,-0.3624264141284873,1
-0.2249244297884034,0,-0.09726132582544152,1
-0.34922597783273795,1,-0.347069362682365,2
0.6012793502488474,0,1.0278986434604556,3
-0.5363347684040182,1,-0.31430765293063734,2
-0.18825379377728924,1,-0.2569746608651139,2
-0.5291288815608683,1,-0.19145124136165856,2
0.2739611004244145,1,0.5743537240849756,0
-0.969603981557815,0,-0.3829024827233171,1
-0.3616225458764618,0,-0.2682364985922703,1
0.07500534334829471,0,-0.16483235218837983,3
0.289075142743733,1,0.5743537240849756,0
0.42726939635430977,0,-0.0010238034297414896,3
1.2605874629782297,0,1.7640133094445867,3
0.2513358370736771,0,-0.014333248016380855,3
-0.35542426185459985,0,0.019452265165088304,1
0.6276602241152942,1,0.5559252623496289,0
0.17674269487954566,1,-0.31123624264141286,0
0.8749809166132332,0,1.2295879191195291,3
-0.006244084150102287,1,0.7238290248272332,2
0.8547067265121676,0,0.5303301766060916,3
0.9134224909163079,1,0.7176862042487843,0
-0.14138499587798845,1,0.7125671871000768,2
0.4776190039998779,1,1.1200409521371897,0
-0.5883026472474123,0,-0.3941643204504735,1
-0.3374706115843791,0,0.0491425646275915,1
0.39633904308265394,0,0.41873560276426924,3
-0.3010137095050533,0,-0.08599948809828513,1
-0.20794784892064364,0,-0.3071410289224469,1
-0.927681597508473,1,-0.3562835935500384,2
0.6655216634606577,0,1.29203992833376,3
-0.6809410399682453,0,-0.3480931661121065,1
0.5000305334188269,1,0.5446634246224725,0
0.6207291380415865,1,0.9644228308164833,0
-1.1608042502519007,0,-0.3460455592526235,1
0.22345882568471193,0,-0.12490401842846173,3
0.9590394186437056,0,0.3593550038392629,3
-0.3616225458764618,0,-0.2682364985922703,1
-0.48711489725504564,0,-0.36037880726900434,1
-0.9632530304418185,1,-0.35730739697977987,2
0.4257427254129645,0,0.3818786792935756,3
0.28312112607248635,0,0.7688763757358588,3
-0.7114133919574975,0,-0.347069362682365,1
0.09002778541113249,0,-0.20271307908881495,3
0.86692009404293,0,1.3248016380854877,3
-0.7051540410979817,1,-0.30918863578192984,2
0.6960550822875637,0,1.0903506526746864,3
-1.0856615065188848,1,-0.296902994625032,2
-0.042975786998870266,0,0.3050934220629639,1
-0.14449940459833288,0,0.05323777834655746,1
-1.0091752923574853,0,-0.3439979523931405,1
-0.008015022442062838,0,0.10033273611466599,1
-0.2298708436383622,1,-0.24980803685692346,2
0.7353515923177918,1,1.8561556181213208,0
0.01544231790756351,1,0.246736626567699,2
0.6221336753076242,0,0.6931149219349885,3
-0.5759060792036884,0,-0.3624264141284873,1
-0.21213092729992977,0,-0.3388789352444331,1
0.9356202864034686,0,1.5981571538264654,3
0.34742450612195047,1,1.1067315075505504,0
-0.1637965252969375,0,-0.31328384950089583,1
0.2127721290952948,1,0.8077809060660354,0
0.8450886995816922,0,1.2643972357307396,3
0.6379499862599616,0,0.5989250063987714,3
-0.5583798967970444,0,-0.23240337855131815,1
0.8227382370003969,0,1.775275147171743,3
0.9457573814540015,1,0.7893524443306885,0
-0.22022228328905988,0,0.30202201177373944,1
0.7313211810326402,1,1.070898387509598,0
-0.30574638942322374,0,-0.34911696954184795,1
0.07982962352294587,1,0.38802149987202456,0
-0.08077615950657996,0,-0.21397491681597133,1
-0.5667155201367897,0,-0.38904530330176607,1
-0.32754725046563465,0,-0.3849500895828001,1
-1.3508442490305639,1,-0.347069362682365,2
-0.1748801563311044,0,0.148451497312516,1
0.35246252022839,1,0.7238290248272332,0
0.3429055601355684,0,0.19554645508062451,3
0.7651216756740252,0,0.25083184028666494,3
-0.01448810723336692,0,-0.1289992321474277,1
0.856813532411224,1,0.4832352188379831,0
-0.4681841775823639,0,-0.3829024827233171,1
0.13741565143049067,0,0.5886869721013566,3
-0.71513846905438,0,-0.36140261069874585,1
0.9429177735030991,1,0.5569490657793703,0
0.5728527373209978,0,1.3626823649859228,3
-0.4015602577020549,0,-0.3829024827233171,1
0.790525480138011,0,1.9001791656002047,3
-0.8162651522090929,1,-0.3706168415664193,2
0.41447589386583616,0,-0.13923726644484258,3
0.9622759610393575,1,0.9920655234195035,0
0.2969527648010748,0,0.20271307908881495,3
0.7188024793136087,0,0.637829536728948,3
-0.1566822387102684,0,0.07269004351164576,1
0.2914262159934048,0,0.2170463271051958,3
0.7338859882141003,1,1.0668031737906323,0
-0.751900705321975,0,-0.3634502175582288,1
0.01544231790756351,0,0.6030202201177374,1
-0.20376477054135753,0,-0.3849500895828001,1
0.20800891575829747,0,0.19452265165088303,3
-0.9082928765533876,0,-0.3829024827233171,1
-0.8323867973496992,0,-0.30099820834399793,1
0.23997740527006808,1,0.41054517532633733,0
-0.15451436597355805,0,0.0296902994625032,1
0.07940215565936919,0,-0.22421295111338624,3
-0.7523892400232054,0,-0.3675454312771948,1
0.10816463619431468,1,0.37675966214486817,0
1.0038319440627768,0,1.3063731763501407,3
0.1900857989069036,1,0.07371384694138726,0
0.7803273182498245,0,0.5866393652418735,3
-0.9082928765533876,0,-0.3829024827233171,1
0.6029281548655003,0,0.16687995904786282,3
-0.3390583493633782,1,-0.3665216278474533,2
-0.4870538304173918,1,-0.3317123112362426,2
-0.8261885133278373,0,-0.3634502175582288,1
0.529892217031541,0,0.26311748144356284,3
0.14181246374156514,0,0.22114154082416176,3
1.8928429666269733,1,-0.12183260813923727,0
-0.42607859302006046,0,-0.296902994625032,1
-0.6492778846447437,0,-0.33785513181469157,1
-0.5489756037983573,0,-0.296902994625032,1
-0.9128118225397698,1,-0.3194266700793448,2
0.5703489969771915,0,0.37983107243409264,3
0.6627736557662361,0,0.3368313283849501,3
-0.6711703459436353,1,-0.2364985922702841,2
-0.21698574089340783,1,-0.3358075249552086,2
-0.29496809257732587,0,-0.014333248016380855,1
-0.24742755946383316,1,-0.19964166879959047,2
-0.2915788830875393,0,-0.30304581520348095,1
-0.7628011358431803,1,-0.345021755822882,2
0.36492015510976766,1,0.7719477860250832,0
-0.2521907728008305,0,-0.3153314563603788,1
0.48256541784983664,0,1.7711799334527771,3
-0.09127965558303563,0,-0.08190427437931917,1
-0.27857164666727735,1,-0.2088558996672639,2
-0.45172666483466156,0,-0.2559508574353724,1
-0.4269640621660407,0,-0.3644740209879703,1
0.8840493420048243,1,1.5582288200665473,0
-0.03787670605477696,0,0.10647555669311493,1
0.0021831394461237826,1,-0.34092654210391604,2
0.36849256511251566,1,0.9982083439979524,0
-0.06291410949283992,0,0.06347581264397235,1
0.5741351409117279,0,-0.06347581264397235,3
-0.2805257854721993,0,-0.3634502175582288,1
1.0366553693017007,0,0.7914000511901715,3
-0.6633843241427743,1,-0.347069362682365,2
-0.7147720680284572,0,-0.3388789352444331,1
-1.174971756587585,0,-0.3552597901202969,1
-0.06917346035235565,1,0.40849756846685437,2
-0.17231534914964428,1,-0.28256974660865114,2
-0.22351989252236573,1,-0.21192730995648834,2
-0.2789075142743733,1,-0.04709495776810852,2
-0.8253335776006839,0,-0.3460455592526235,1
0.3960642423132118,1,0.21090350652674686,0
0.8947055051754145,0,0.8313283849500895,3
0.04456352477786938,1,0.019452265165088304,2
0.8104638026319807,0,1.0555413360634758,3
-0.5007938688894995,1,-0.3593550038392629,2
-0.39444597111538576,0,-0.2887125671871001,1
-0.9016365912491222,0,-0.3347837215254671,1
-0.6610027174742756,0,-0.3347837215254671,1
-0.41661323318371957,0,-0.2170463271051958,1
0.6064700314494214,0,0.8190427437931918,3
0.5392049097737474,0,0.30099820834399793,3
-0.4638484321089432,0,0.18530842078320964,1
0.6381942536105768,1,1.0575889429229588,0
0.7820066562853043,0,0.2805221397491682,3
0.4102012152300693,0,1.1620168927565908,3
-0.28299899239717874,1,-0.2579984642948554,2
0.3747213825532045,0,0.0491425646275915,3
-0.858462337027877,0,-0.36140261069874585,1
0.6084852370919972,1,1.4026106987458409,0
-0.1566822387102684,1,-0.09623752239570002,2
-0.428826600714482,1,-0.3194266700793448,2
-0.2662972122988611,1,-0.1771179933452777,2
-0.8462184360782877,0,-0.3562835935500384,1
1.0858752404506733,1,0.7739953928845662,0
-0.01009129492229245,1,-0.3869976964422831,2
0.30788372874110714,1,0.02866649603276171,0
0.19530701352630453,1,1.250063987714359,0
0.5544716191872003,1,0.49756846685436396,0
0.07537174437421758,0,-0.0296902994625032,3
0.41896430643339133,0,0.16995136933708727,3
-0.4878171658880645,0,-0.3286409009470182,1
-0.8605080760892797,0,-0.3245456872280522,1
-0.7505267014747641,0,-0.35218837983107243,1
0.9025220603951024,0,0.8651138981315587,3
-0.3757595187933193,0,-0.30099820834399793,1
-0.5543800189307196,0,-0.2805221397491682,1
0.6204848706909712,0,0.3706168415664193,3
-1.2436108821104699,1,-0.3194266700793448,2
0.8587066043784922,1,0.4054261581776299,0
0.6481176147293213,1,1.5991809572562068,0
0.8137919452841135,0,1.0565651394932174,3
0.11540105645629141,1,0.051190171487074485,0
-0.476275533571494,1,-0.3859738930125416,2
-0.3450123660346249,0,-0.23240337855131815,1
0.2895026106073097,0,0.9674942411057077,3
1.0825165643797137,0,0.7176862042487843,3
0.7970290983481421,0,0.9726132582544151,3
0.7542823119904736,0,1.0381366777578704,3
1.2720985618759733,0,1.2490401842846173,3
-0.7949222924490855,1,-0.3839262861530586,2
0.3078226619034533,1,0.4996160737138469,0
0.2794571158132576,0,0.44637829536728946,3
0.9344905499068731,0,1.4916815971333504,3
-0.46128362492748315,0,-0.062452009214230865,1
0.66283472260389,0,1.4415152290760174,3
-0.6414918628438826,0,-0.21602252367545433,1
0.24632835638606454,0,0.4924494497056565,3
-0.24321394766572013,0,-0.3818786792935756,1
0.36849256511251566,1,0.9982083439979524,0
0.19371927574730544,1,0.4054261581776299,0
-0.9300326707581448,1,-0.3583312004095214,2
-0.31957802815181213,0,-0.342974148963399,1
-0.10856157063906445,0,-0.18121320706424365,1
-0.8547372599309945,1,-0.3276170975172767,2
0.9797410766083479,1,1.5008958280010238,0
-0.2254129644896339,0,-0.3593550038392629,1
-0.4414369026899942,0,-0.3818786792935756,1
-1.407392140697994,0,-0.3552597901202969,1
0.12108027235809593,0,0.032761709751727666,3
0.44681078440352967,0,0.5651394932173023,3
-0.6363927818997893,1,-0.37164064499616073,2
-0.46149735885927146,1,-0.38904530330176607,2
0.9747030625019083,1,0.7954952649091375,0
0.6141339195749748,0,0.7627335551574098,3
-0.11762999603065555,0,-0.3368313283849501,1
0.9554364752221306,0,1.3974916815971334,3
-0.0068242191078135015,0,0.05426158177629895,1
1.1199200024426734,0,1.712823137957512,3
0.2703886904216665,0,0.5088303045815203,3
0.7946169582608165,0,1.1599692858971078,3
-0.5588684314982748,1,-0.31328384950089583,2
0.7755641049128271,0,0.6081392372664448,3
0.2228786907270007,0,-0.3071410289224469,3
-0.10416475832798998,0,-0.37266444842590224,1
0.3401575524411468,0,0.9644228308164833,3
0.8631644835272205,0,1.0227796263117481,3
0.043678055631889104,0,0.09214230867673406,3
0.05653262495801655,0,0.08599948809828513,3
-0.879286128667827,1,-0.3276170975172767,2
0.19454367805563189,0,0.3706168415664193,3
-0.3688894995572654,1,-0.0993089326849245,2
-0.7701596897804647,1,-0.347069362682365,2
0.21112332447864188,0,0.8436140261069874,3
-0.07109706573845073,0,-0.09418991553621704,1
-0.03720497084058502,0,-0.3122600460711543,1
-0.9308570730664713,0,-0.342974148963399,1
1.2200696161949254,1,1.6094189915536217,0
-0.6776434307349394,1,-0.3757358587151267,2
-0.9367194894812372,1,-0.345021755822882,2
-0.6283319593294862,1,-0.3665216278474533,2
0.5554181551708345,1,0.6685436396211927,0
0.5105340294952826,0,1.3043255694906577,3
-0.5578608286769869,0,-0.31021243921167135,1
-0.6495832188330127,0,-0.38085487586383415,1
0.6193246007755489,0,1.3114921934988482,3
0.531205154041098,0,-0.17302277962631174,3
-0.7227412903422796,1,-0.08497568466854363,2
0.9916491099508412,0,0.8210903506526747,3
-0.7663735458459283,1,-0.3624264141284873,2
-0.8075631278434247,0,-0.3675454312771948,1
0.19949009190559067,1,0.22421295111338624,0
0.6599645812341608,0,1.1425646275915025,3
-0.22440536166834602,0,-0.1894036345021756,1
0.933849348111508,0,1.9052981827489122,3
-1.3795456627278557,1,-0.02354747888405426,2
-0.5352050319074226,1,-0.2856411568978756,2
-0.8876828188452262,0,-0.2283081648323522,1
-0.7199016823913774,0,-0.3255694906577937,1
-0.7227107569234528,0,-0.35730739697977987,1
-0.5281212787395805,0,0.4535449193754799,1
0.7946169582608165,0,1.1599692858971078,3
0.9049647339012549,1,1.53263373432301,0
0.01544231790756351,0,-0.3061172254927054,1
0.10709596653537297,0,-0.27233171231123626,3
0.9260938597294739,0,1.6606091630406963,3
0.13143110134041708,0,0.30304581520348095,3
0.6861622545876461,0,1.3463015101100588,3
1.223733626454154,0,1.1272075761453801,3
0.7065280449451925,0,0.5815203480931661,3
0.22916857500534335,1,0.18223701049398516,0
0.548395468840646,0,0.6583056053237778,3
-0.7268022350462582,1,-0.3757358587151267,2
0.01544231790756351,0,0.3368313283849501,1
0.1339653751030503,0,0.27028410545175324,3
-0.8029831150193887,0,-0.37266444842590224,1
0.6885743946749717,1,0.7484003071410289,0
-0.8953161735519526,0,-0.23957000255950858,1
1.2455039540777382,0,0.7524955208599948,3
-0.4217428475466398,1,-0.13411824929613514,2
0.04096058135629446,0,-0.1279754287176862,3
0.15204115904857868,0,-0.10238034297414897,3
-0.02438093493328448,0,-0.3583312004095214,1
0.8816677353363256,1,1.0637317635014076,0
1.0104576959482152,1,0.8128999232147428,0
-0.2426338127080089,0,0.098285129255183,1
-1.050242740679674,0,-0.3460455592526235,1
-0.9418491038441574,0,-0.3593550038392629,1
-0.08529510549296204,1,0.5180445354491937,2
0.893209367652896,1,1.1118505246992578,0
-0.7711062257640988,1,-0.3347837215254671,2
0.32858538670574944,0,0.5907345789608395,3
-0.44797105431895207,1,0.03788072690043512,2
0.8144636804983054,0,0.8016380854875864,3
0.9700619828402186,0,1.8029178397747632,3
0.47948154254831915,0,0.796519068338879,3
-0.03952551067142988,0,-0.2539032505758894,1
0.40934627950291597,0,0.736114665984131,3
-0.7683887514885042,1,-0.3777834655746097,2
-0.2843424628255626,1,-0.3368313283849501,2
0.47948154254831915,0,0.796519068338879,3
0.2032457024213001,0,0.20476068594829794,3
0.01544231790756351,0,0.21192730995648834,1
0.33005099080944095,1,0.025595085743537242,0
-0.023709199719092546,0,0.2958791911952905,1
0.8876217520075723,0,1.3114921934988482,3
3.2183597447406185,0,1.3657537752751472,3
-0.4523373332111997,1,-0.33273611466598413,2
-0.2814723214558334,0,-0.2774507294599437,1
-0.4019266587279778,1,-0.33068850780650116,2
-0.8747977161002718,1,-0.3562835935500384,2
-1.0182437177490764,0,-0.3542359866905554,1
-0.45829134988244635,0,-0.35730739697977987,1
0.7572440536166835,0,1.1128743281289992,3
-0.3687368324631309,0,-0.18428461735346813,1
0.413224023693933,0,0.3583312004095214,3
-0.030915086562242376,1,0.10238034297414897,2
0.12043907056273091,1,0.599948809828513,0
-0.7480534945497848,1,-0.296902994625032,2
0.9545204726573234,0,1.3084207832096237,3
-0.7266495679521237,0,-0.3675454312771948,1
-0.6181337974412995,0,-0.246736626567699,1
-0.40858294403224327,0,-0.27130790888149475,1
-0.604973893926903,0,-0.3317123112362426,1
-0.5530365485023359,0,-0.24980803685692346,1
-0.0007480687612591982,0,-0.2805221397491682,1
-0.1593081127293823,1,-0.22421295111338624,2
-0.00545021526060273,0,0.8743281289992322,1
0.5771274159567646,0,1.4660865113898132,3
-0.7831974596195536,0,-0.31430765293063734,1
-1.0397697780220452,0,-0.3941643204504735,1
0.5602729687643125,0,0.7832096237522396,3
0.4298342035357699,0,1.0104939851548502,3
0.701490030838753,0,0.4750447914000512,3
-0.3232725718298678,0,-0.3347837215254671,1
0.016381179200635095,1,0.8210903506526747,2
-0.1658422643583402,1,-0.0890708983875096,2
-0.27402216726206835,1,-0.27130790888149475,2
0.8906140270526091,1,0.36856923470693626,0
0.5176483160819517,0,0.7115433836703353,3
0.30693719275747305,0,0.22011773739442028,3
0.9679551769411621,0,1.1272075761453801,3
-0.7710146255076181,0,-0.19042743793191708,1
0.3359744740618607,0,0.738162272843614,3
0.44674971756587584,0,0.21499872024571282,3
-0.7610607309700467,1,-0.3829024827233171,2
-0.8407529541082716,1,-0.37983107243409264,2
-0.17381148667216267,0,0.12183260813923727,1
-0.8629812830142591,1,-0.2733555157409777,2
0.3542029251015236,0,0.7217814179677502,3
1.304708253183109,1,1.325825441515229,0
0.7140392659766114,1,0.44740209879703097,0
-0.47096271869561235,0,-0.2692603020220118,1
-1.0650514488107234,0,-0.3665216278474533,1
-0.4025678605233428,1,-0.2569746608651139,2
-0.6284846264236207,0,-0.3317123112362426,1
-0.12367561295838295,1,-0.3839262861530586,2
-0.5013434704283839,0,-0.296902994625032,1
-0.8554700619828403,0,-0.3286409009470182,1
-0.5121523006931086,0,-0.1791656002047607,1
-0.15173582486030962,0,0.6675198361914513,1
1.097294739091936,0,2.17865369848989,3
-0.6084547036731703,0,-0.32045047350908623,1
0.5047937467558242,1,-0.09316611210647556,0
-0.505190681200574,0,0.10340414640389045,1
-0.8055784556196758,1,-0.37266444842590224,2
3.2115813257610455,0,-0.397235730739698,3
1.0286556135690512,0,0.7873048374712055,3
1.0721962688162194,1,1.7588942922958792,0
0.507175353424323,1,0.48630662912720757,0
-0.4475130530365485,0,-0.342974148963399,1
-0.034365362889682755,1,-0.25287944714614796,2
-0.07863882018869653,1,-0.02866649603276171,2
0.2974107660834784,0,-0.0993089326849245,3
0.46855057860828675,0,0.40747376503711286,3
1.1588195780281518,1,1.101612490401843,0
-0.790525480138011,0,-0.3562835935500384,1
0.43508595157399776,0,0.5886869721013566,3
-0.24321394766572013,0,-0.12388021499872025,1
-0.35099691612469847,1,-0.39211671359099054,2
-0.3567066654453299,0,0.018428461735346815,1
-0.9652071692467405,0,-0.3706168415664193,1
0.517251381637202,0,1.2306117225492705,3
0.8574242007877622,0,1.1487074481699513,3
0.9799853439589631,0,0.9439467622216534,3
-1.3347226038899576,1,-0.22318914768364473,2
0.5978596073402339,0,-0.04709495776810852,3
0.259182925712192,1,0.6869721013565395,0
0.07665414796494764,1,-0.13514205272587662,0
-1.2302983115019388,1,-0.39109291016124903,2
-1.0467619309334066,0,-0.3347837215254671,1
0.45529907483740956,0,0.22114154082416176,3
-0.5403957131079967,0,-0.3552597901202969,1
-0.9180330371591707,0,-0.3593550038392629,1
0.8853928124332081,0,1.2664448425902226,3
0.013846905438001893,1,-0.38802149987202456,2
0.5534334829470856,1,0.541592014333248,0
0.4363683551647278,1,0.2876887637573586,0
-0.3924918323104638,0,-0.3624264141284873,1
0.4766724680162438,0,0.5293063731763501,3
0.5610363042349852,0,1.1671359099052983,3
0.2011694299410705,1,0.6839006910673151,0
-0.833791334615737,0,-0.3542359866905554,1
-0.02227412903422796,0,-0.19145124136165856,1
0.15939971298586303,0,0.015357051446122344,3
-0.38910262282067726,0,-0.35014077297158946,1
0.40021678727367105,1,0.9623752239570003,0
-1.0459069952062532,0,-0.3869976964422831,1
0.4650697688620195,0,0.9070898387509598,3
0.6990778907514275,1,1.283849500895828,0
1.1550945009312692,1,1.7025851036600972,0
-0.01302250312967543,0,-0.1781417967750192,1
-0.7630454031937957,0,-0.3941643204504735,1
-0.4952062532441758,0,-0.33785513181469157,1
-0.3404934200482428,1,-0.14128487330432557,2
-0.3314249946566517,1,-0.24059380598925006,2
0.15939971298586303,0,0.015357051446122344,3
-0.90007938688895,1,-0.3839262861530586,2
-0.0214497267259015,0,0.021499872024571282,1
0.4495587920979512,0,1.1149219349884822,3
-0.7374278647980215,0,-0.393140517020732,1
0.12266801013709505,0,0.46890197082160223,3
0.14685047784800465,1,-0.26414128487330435,0
-1.4729168575005342,1,-0.40030714102892245,2
0.8125400751122103,1,1.2080880470949578,0
-0.3102653354096058,0,-0.31123624264141286,1
-0.48702329699856495,1,-0.36959303813667777,2
-0.23716833073799273,0,0.1586895316099309,1
0.86692009404293,0,1.0053749680061428,3
0.9344905499068731,0,1.4916815971333504,3
0.08572257335653873,0,-0.16687995904786282,3
-0.23606912766022412,0,0.27233171231123626,1
-0.064837714878935,0,-0.2733555157409777,1
0.11759946261182865,0,0.15357051446122344,3
0.07439467497175659,0,-0.2068082928077809,3
-0.05378461726359501,1,-0.20578448937803942,2
0.5302891514762909,0,1.1865881750703864,3
-0.2570761198131355,1,-0.2610698745840799,2
0.8918964306433391,0,1.3933964678781674,3
0.49371011572165735,0,0.593805989250064,3
-0.43887209550853407,0,-0.3747120552853852,1
0.6438429360935544,0,1.3125159969285898,3
0.6508961558425697,0,0.7156385973893012,3
-1.3508442490305639,0,-0.342974148963399,1
-0.24174834356202865,0,-0.21499872024571282,1
-0.22663430124271014,0,-0.3675454312771948,1
-0.8096699337424812,0,-0.3583312004095214,1
0.9705505175414492,1,1.283849500895828,0
0.4771610027174743,1,1.0903506526746864,0
-0.5599676345760435,0,-0.33375991809572564,1
0.06416597966474306,0,0.16995136933708727,3
-0.05586088974382462,0,0.48937803941643204,1
0.8397453512869836,1,0.8395188123880215,0
-0.17368935299685506,0,-0.19145124136165856,1
-0.03451802998381729,1,0.0993089326849245,2
0.49371011572165735,0,0.593805989250064,3
0.11527892278098378,0,0.24264141284873306,3
0.8376080119691002,0,1.6862042487842335,3
0.7058563097310006,1,1.1968262093678015,0
0.5414949161857653,0,0.6634246224724852,3
0.14633140972794723,0,0.4289736370616842,3
0.4147201612164514,0,0.15152290760174048,3
0.6095844401697658,0,1.0719221909393397,3
0.8725077096882538,1,0.8548758638341438,0
0.10743183414246893,1,0.7606859482979268,0
-0.9368416231565448,0,-0.36037880726900434,1
-0.17564349180177705,1,-0.07576145380087024,2
0.3194558944765045,1,0.5630918863578193,0
-0.10105034960764557,1,0.02866649603276171,2
-0.12330921193246008,0,0.2651650883030458,1
0.8985221825287778,1,1.733299206552342,0
0.31508961558425697,0,0.4136165856155618,3
0.23420658911178285,0,0.010238034297414897,3
-0.1481023480199078,0,-0.2180701305349373,1
0.044655125034350096,0,-0.3593550038392629,3
0.13683551647277944,0,-0.2457128231379575,3
0.9340630820432964,0,1.4599436908113643,3
0.8367530762419468,1,0.17199897619657026,0
-1.3508442490305639,1,-0.28359355003839265,2
-1.1130805166254465,1,-0.3736882518556437,2
-0.4414369026899942,0,-0.3818786792935756,1
-0.0981802082379164,1,-0.26721269516252877,2
0.6629568562791975,1,1.2848733043255696,0
0.20962718695612348,0,0.5897107755310981,3
-0.030670819211627127,0,-0.3040696186332224,1
-0.33408140209459253,0,-0.3040696186332224,1
-0.20147476412933957,0,-0.08702329152802663,1
0.24669475741198743,0,0.3460455592526235,3
-0.37230924246587893,1,-0.35014077297158946,2
0.5164269793288755,1,1.1691835167647813,0
-0.28562486641629264,0,0.29485538776554904,1
-0.40690360599676345,0,-0.36037880726900434,1
0.9785502732740985,0,1.2480163808548759,3
0.7136423315318616,0,0.8773995392884566,3
-0.8922933650880889,0,-0.342974148963399,1
-0.6797807700528228,0,-0.3849500895828001,1
-0.0779976183933315,0,-0.2866649603276171,1
0.059799700772495495,1,0.3050934220629639,0
-0.2854111324845043,1,-0.37266444842590224,2
-0.9840157552441147,0,-0.3347837215254671,1
-0.5755396781777655,0,-0.3583312004095214,1
0.5992336111874447,0,0.3900691067315076,3
-0.5255564715581204,0,-0.23957000255950858,1
0.40998748129828094,0,0.8118761197850013,3
-0.516549113004183,1,-0.3818786792935756,2
0.4500167933803548,0,-0.08599948809828513,3
0.7235046258129523,0,1.123112362426414,3
1.283884461543159,1,1.9994880982851293,0
-0.5652804494519251,0,-0.33273611466598413,1
-0.5363347684040182,1,-0.31430765293063734,2
0.1536899636652316,0,0.5538776554901459,3
0.86692009404293,0,1.3248016380854877,3
0.03442642972733657,0,-0.22933196826209368,1
-0.33469207047113064,1,-0.019452265165088304,2
-0.19952062532441758,0,-0.18530842078320964,1
-0.8726298433635614,0,-0.3388789352444331,1
1.1757045586394308,1,1.2541592014333247,0
0.7725718298677903,0,0.6849244944970566,3
0.2531678422032915,0,-0.20271307908881495,3
-0.20410063814845347,0,-0.3542359866905554,1
-0.4849164910995084,1,-0.3552597901202969,2
0.25499984733290587,0,0.347069362682365,3
0.08160056181490641,0,-0.1894036345021756,3
1.1001038136240116,0,1.5981571538264654,3
-0.4453757137186651,0,-0.32966470437675965,1
1.0765625477084668,0,0.5784489378039417,3
-0.14401086989710238,0,0.24468901970821602,1
-0.14526274006900552,1,-0.3634502175582288,2
-0.2771671094012397,0,-0.38085487586383415,1
-0.08615004122011542,0,-0.050166368057332995,1
-0.5961192024671003,1,-0.31021243921167135,2
0.3500809135598913,0,1.1323265932940876,3
-0.5418307837928613,1,-0.33273611466598413,2
-0.6587127110622576,1,-0.11978500127975429,2
-0.820112362981283,0,-0.3235218837983107,1
0.17622362675948827,1,0.6798054773483491,0
0.3390888827822051,0,1.2449449705656515,3
1.1915208695917683,0,1.3596109546966981,3
0.04984580623492412,0,0.6839006910673151,3
0.37759152392293366,1,0.7197338111082672,0
0.4672987084363836,1,0.6112106475556693,0
-0.4588104180025037,0,-0.0399283337599181,1
-0.32788311807273063,1,0.20987970309700538,2
-0.4269640621660407,0,-0.3644740209879703,1
0.11207291380415865,1,-0.34092654210391604,0
-0.9106134163842325,0,-0.37164064499616073,1
0.2911819486427895,0,-0.2364985922702841,3
-1.0409605813562945,0,-0.3593550038392629,1
-0.334264602607554,0,0.03890453033017661,1
-0.741122408476077,0,-0.38802149987202456,1
-0.17219321547433666,1,-0.38904530330176607,2
0.026640407926475526,1,0.6081392372664448,2
0.6472626790021678,0,0.5989250063987714,3
3.1199810692803274,1,-0.39928333759918094,0
-0.5755396781777655,0,-0.3583312004095214,1
0.16333852401453391,1,0.18530842078320964,0
-0.2529846416903301,1,-0.0030714102892244687,2
-1.3508442490305639,0,-0.2805221397491682,1
-0.03451802998381729,1,0.0993089326849245,2
-0.019251320570364265,0,-0.34911696954184795,1
-0.8200512961436291,0,-0.3859738930125416,1
-0.2719458947818387,1,0.20373688251855643,2
-0.5532502824341241,0,-0.32249808036856925,1
-0.53019755121981,1,-0.2887125671871001,2
1.0569600928215932,1,1.3575633478372153,0
0.20003969344447498,0,0.02661888917327873,3
0.045448993923849657,0,0.3439979523931405,3
-0.894858172269549,0,-0.3460455592526235,1
0.043128454093004795,0,-0.24366521627847454,3
0.01544231790756351,1,1.1958024059380599,2
-0.42821593233794386,0,-0.37983107243409264,1
0.10596623003877745,0,0.8047094957768108,3
-1.0003816677353363,0,-0.3675454312771948,1
-0.6553235015724711,1,-0.3675454312771948,2
0.14031632621904674,0,0.3358075249552086,3
-0.7582821898567983,0,-0.3829024827233171,1
-1.4178651033556227,0,-0.37266444842590224,1
0.9147964947635187,1,1.2664448425902226,0
0.5191139201856432,1,1.7179421551062195,0
-0.505190681200574,0,0.10340414640389045,1
-0.8477756404384599,0,-0.33785513181469157,1
0.7148636682849379,1,0.7647811620168927,0
0.8803242649079417,0,1.1958024059380599,3
0.5847607706634912,1,1.1384694138725364,0
-0.06523464932368478,0,-0.27540312260046074,1
0.18327684650850357,0,0.015357051446122344,3
0.707657781441788,0,1.6902994625031993,3
-0.45136026380873867,0,-0.34195034553365755,1
1.244221550487008,0,1.67699001791656,3
0.20178009831760862,1,0.6194010749936012,0
0.4196665750664102,1,0.11364218070130534,0
0.33826448047387864,0,0.593805989250064,3
0.8748893163567525,0,1.0074225748656258,3
0.3732863118683399,0,0.49756846685436396,3
-0.8125400751122103,0,-0.3542359866905554,1
-0.9278037311837807,0,-0.3358075249552086,1
0.6130347164972062,0,1.2060404402354747,3
-0.08416536899636652,0,-0.3286409009470182,1
0.2966168971939788,0,1.0156130023035577,3
-0.3369515434643217,0,-0.32249808036856925,1
-0.034365362889682755,0,-0.3368313283849501,1
-1.136652315959818,0,-0.3071410289224469,1
0.2568013190436933,1,0.5600204760685948,0
0.7781289120942873,0,0.7596621448681853,3
0.3985679826570181,0,0.29076017404658305,3
-0.547448932857012,1,-0.2692603020220118,2
0.42855179994503984,0,0.7678525723061173,3
-0.07182986779029647,1,-0.3388789352444331,2
0.18208604317425423,0,0.09214230867673406,3
0.46055082287563737,0,0.4729971845405682,3
0.6251870171903148,1,1.2050166368057333,0
-0.4238801868645232,1,-0.36856923470693626,2
-0.7998687062990443,0,-0.19042743793191708,1
0.4294983359286739,1,-0.1269516252879447,0
-0.17484962291227749,0,-0.3583312004095214,1
1.0140606393697902,1,0.6429485538776555,0
0.7706787579005221,1,0.6818530842078321,0
-0.33829501389270555,0,-0.31123624264141286,1
-0.4142316265152209,0,-0.24878423342718198,1
-0.3325241977344203,1,-0.345021755822882,2
-0.2974412995023053,1,0.26311748144356284,2
0.22724496961924825,1,0.692091118505247,0
-0.6123629812830143,0,-0.38802149987202456,1
0.0936612622515343,0,-0.22728436140261069,3
-0.8887514885041679,0,-0.3071410289224469,1
-0.14688101126683153,0,-0.3255694906577937,1
-0.6152941894903973,0,-0.3665216278474533,1
-0.45142133064639245,1,-0.24980803685692346,2
-0.710955390675094,1,-0.19554645508062451,2
0.28299899239717874,0,0.6398771435884311,3
0.401529724283228,1,0.5180445354491937,0
0.026121339806418124,1,0.18633222421295112,2
0.8258526457207414,1,1.390325057588943,0
-0.6381026533540961,0,-0.36959303813667777,1
0.4004610546242863,1,1.171231123624264,0
-1.1638575921345913,0,-0.36856923470693626,1
-0.9129950230527312,0,-0.3777834655746097,1
0.44989465970504716,1,0.2999744049142565,0
0.5333424933589814,0,1.4189915536217046,3
-0.9636804983053953,1,-0.2651650883030458,2
-0.41346829104454824,0,-0.38802149987202456,1
0.012686635522579464,0,-0.13411824929613514,1
-0.39743824616042256,0,-0.3593550038392629,1
0.20886385148545084,0,0.3757358587151267,3
-0.42690299532838694,0,-0.08088047094957768,1
0.07958535617233062,0,-0.31328384950089583,3
-0.7588928582333364,0,-0.3747120552853852,1
-0.17075814478947207,0,-0.034809316611210644,1
-1.3508442490305639,0,-0.3511645764013309,1
0.6831699795426094,1,1.6954184796519067,0
-0.15152209092852126,1,-0.3818786792935756,2
1.5556929559402766,1,0.7330432556949066,0
-0.820112362981283,0,-0.3235218837983107,1
-0.06300570974932063,0,-0.08292807780906065,1
-0.29680009770694027,0,0.18121320706424365,1
0.8160514182773045,0,0.6224724852828257,3
0.1274006900552655,0,0.8845661632966471,3
-0.2843424628255626,1,-0.3368313283849501,2
-0.0027938078226619036,0,-0.20987970309700538,1
0.21616133858508138,0,0.33990273867417453,3
0.11668346004702146,1,-0.36140261069874585,0
-0.48702329699856495,1,-0.36959303813667777,2
0.36943910109614975,1,0.5241873560276427,0
0.5515404109798174,0,0.6572818018940364,3
-0.20727611370645171,0,0.6398771435884311,1
0.16382705871576442,1,0.020476068594829793,0
0.42968153644163537,0,0.3593550038392629,3
-0.783075325944246,1,-0.3624264141284873,2
-0.358630270831425,1,-0.3900691067315076,2
0.4665964398033648,0,0.5221397491681598,3
-0.3083111966046838,1,-0.3736882518556437,2
0.2582363897285579,1,-0.3869976964422831,0
0.4353607523434399,0,0.32249808036856925,3
0.36943910109614975,1,0.5241873560276427,0
-0.30202131232634116,0,-0.3071410289224469,1
-0.8674696955818143,1,-0.13002303557716918,2
0.24987023296998565,0,0.3788072690043512,3
0.18016243778815913,1,0.28973637061684154,0
1.0344264297273367,1,1.2326593294087536,0
0.2288021739794205,1,0.7494241105707704,0
0.6508961558425697,0,0.7156385973893012,3
-0.6558731031113554,0,-0.3829024827233171,1
0.6234160788983543,0,1.0289224468901972,3
-0.9636804983053953,1,-0.2651650883030458,2
0.2953955604409026,0,1.2992065523419503,3
-0.0633415773564166,1,1.0238034297414895,2
0.07619614668254404,1,-0.03583312004095214,0
-0.3906903605996763,0,-0.14230867673406705,1
0.4243687215657537,0,0.06654722293319683,3
0.03396842844493298,0,-0.2866649603276171,1
0.2570761198131355,1,0.6910673150755055,0
1.2204360172208482,1,1.8643460455592527,0
-0.2971054318952093,0,-0.21192730995648834,1
0.049387804952520535,0,-0.14230867673406705,3
-0.26635827913651494,0,-0.2692603020220118,1
0.7337943879576196,0,0.4371640644996161,3
-0.006488351500717535,1,0.07269004351164576,2
-0.41792617019327655,1,-0.3593550038392629,2
-0.20694024609935574,0,-0.3634502175582288,1
-0.5319379560929437,0,-0.38802149987202456,1
-0.8556532624958016,0,-0.32249808036856925,1
-0.8367836096607737,1,-0.3736882518556437,2
0.3609813440810968,0,0.83849500895828,3
-0.5671124545815395,1,-0.2805221397491682,2
0.36943910109614975,1,0.5241873560276427,0
-0.0754938780495252,0,0.5057588942922959,1
0.26715214802601445,0,0.6470437675966214,3
-0.17207108179902902,0,-0.35014077297158946,1
0.7338859882141003,1,1.0668031737906323,0
3.330020457390614,0,1.352444330688508,3
-0.2804341852157186,0,-0.1289992321474277,1
0.6701932765411743,0,0.8016380854875864,3
-0.7282983725687765,0,-0.3788072690043512,1
0.517251381637202,0,1.2306117225492705,3
0.84481389881225,0,0.9971845405682109,3
0.176956428811334,1,0.15254671103148196,0
-0.6526060272968764,0,-0.35218837983107243,1
-0.7222527556410492,0,-0.29076017404658305,1
-0.8039907178406767,0,-0.3665216278474533,1
0.47276419040639983,0,0.4832352188379831,3
3.2362828615920125,0,-0.345021755822882,3
0.8169979542609386,1,0.9603276170975172,0
0.30931879942597174,0,0.18121320706424365,3
-0.22074135140911727,0,-0.37266444842590224,1
-0.6478733473787059,1,-0.39211671359099054,2
-1.2829989923971787,0,-0.2999744049142565,1
0.24464901835058472,0,0.08088047094957768,3
0.567295655094501,0,1.0033273611466598,3
-0.2243748282495191,0,-0.3439979523931405,1
-0.9061860706543312,0,-0.34911696954184795,1
0.5912949222924491,0,0.9531609930893269,3
-0.7839302616713993,0,-0.3480931661121065,1
-0.360889743824616,0,-0.2457128231379575,1
-0.5346859637873653,0,-0.3839262861530586,1
-0.4916033098226008,0,-0.22318914768364473,1
-0.6547433666147598,1,-0.37675966214486817,2
-0.1648041281182254,0,0.033785513181469155,1
0.8169368874232847,0,0.5958535961095469,3
-0.7330615859057739,0,-0.347069362682365,1
0.2903270129156362,1,0.34195034553365755,0
-0.06328051051876278,0,-0.07166624008190428,1
0.55654789166743,0,1.1671359099052983,3
-0.10105034960764557,1,0.02866649603276171,2
-0.8522335195871882,1,-0.36140261069874585,2
0.4306586058440964,0,0.7412336831328386,3
0.004106744832218863,0,-0.08804709495776811,1
0.8147995481054013,1,1.5705144612234452,0
-0.36488962169094075,0,-0.22728436140261069,1
0.16471252786174467,1,0.8016380854875864,0
0.8567219321547433,1,1.5060148451497313,0
0.5871423773319898,0,1.4630151011005887,3
0.6359653140362126,0,0.7094957768108523,3
-0.2964336966810174,0,-0.37983107243409264,1
-0.5594485664559861,1,-0.3173790632198618,2
0.941665903331196,1,1.250063987714359,0
0.42763579738023266,0,0.06552341950345533,3
-0.6483618820799365,0,-0.05426158177629895,1
0.0749748099294678,0,-0.16278474532889686,3
-0.09222619156666972,1,-0.10545175326337343,2
0.04554059418033037,0,-0.3644740209879703,3
-0.8911941620103203,0,-0.3634502175582288,1
0.008931025006870019,1,-0.06552341950345533,2
0.3429055601355684,0,0.19554645508062451,3
-0.6531250954169339,0,-0.3583312004095214,1
-0.4135904247198559,0,-0.36037880726900434,1
-0.5542273518365851,0,-0.397235730739698,1
0.33902781594455134,0,0.8006142820578449,3
-0.47361912613355317,1,-0.345021755822882,2
-0.9632835638606455,0,-0.32147427693882774,1
-0.7710146255076181,0,-0.19042743793191708,1
-0.1904827333516534,0,-0.23137957512157667,1
0.3770419223840493,0,0.41054517532633733,3
-0.8962016426979329,0,-0.3788072690043512,1
-0.8237763732405118,1,-0.3173790632198618,2
-0.10105034960764557,1,0.02866649603276171,2
0.2797929834203536,0,-0.004095213718965958,3
-0.22645110072974872,0,0.14947530074225748,1
-0.45087172910750817,1,-0.37164064499616073,2
-0.4783518060517236,0,-0.28359355003839265,1
-0.23151964825501511,0,-0.12388021499872025,1
-0.15451436597355805,0,0.0296902994625032,1
-0.2814723214558334,0,-0.2774507294599437,1
1.0380293731489114,0,0.9982083439979524,3
0.23338218680345638,0,-0.21602252367545433,3
0.35539372843577294,0,0.6234962887125672,3
-0.7915330829592989,1,-0.37675966214486817,2
0.14685047784800465,1,-0.26414128487330435,0
-1.1510030228084638,0,-0.3849500895828001,1
0.500946535983634,0,0.6613770156130023,3
0.7206039510243962,1,0.17097517276682878,0
-0.8483557753961711,0,-0.3358075249552086,1
-0.8674696955818143,0,-0.2999744049142565,1
0.16401025922872584,0,-0.13616585615561813,3
0.47404659399712984,0,-0.148451497312516,3
-1.310540136179048,1,-0.36959303813667777,2
-0.15289609477573204,1,-0.1771179933452777,2
-0.5394491771243626,0,-0.14435628359355004,1
-0.5935238618668133,1,-0.3654978244177118,2
0.08269976489267503,0,0.29485538776554904,3
-0.6393850569448261,0,-0.3593550038392629,1
0.3106928032731825,0,-0.3122600460711543,3
0.8648743549815273,0,1.2326593294087536,3
-1.0721962688162194,0,-0.3358075249552086,1
0.7097035205031907,0,1.5080624520092143,3
-0.6212482061616439,1,-0.33990273867417453,2
-0.9841378889194223,0,-0.3747120552853852,1
0.36492015510976766,1,0.7719477860250832,0
0.5999664132392905,0,0.6624008190427438,3
-0.360889743824616,0,-0.2457128231379575,1
0.9369332234130255,0,1.085231635525979,3
0.32345577234282924,1,0.3194266700793448,0
0.011465298769503222,0,-0.11978500127975429,1
0.03580043357454734,0,0.18326081392372665,3
0.9588562181307441,0,1.4712055285385206,3
-0.5137400384721077,0,-0.16892756590734578,1
0.8011816433086013,0,0.2743793191707192,3
-0.16388812555341822,0,0.051190171487074485,1
0.7344050563341578,0,1.3166112106475556,3
0.7449696192482672,0,0.9746608651138982,3
-0.1648041281182254,1,-0.3777834655746097,2
-0.17720069616194925,1,0.2457128231379575,2
-0.05311288204940307,1,0.2477604299974405,2
-0.8835608073035938,1,-0.3788072690043512,2
-0.9512533968428445,1,-0.37983107243409264,2
1.0823028304479252,1,1.5633478372152547,0
0.38223260358462335,0,1.2060404402354747,3
-0.4568868126164087,0,-0.3265932940875352,1
1.203947971054319,1,0.7125671871000768,0
-0.27512137033983697,0,-0.15561812132070643,1
-0.5831119660468382,0,0.017404658305605322,1
-0.7870446703917438,0,-0.32966470437675965,1
-0.3906903605996763,0,-0.14230867673406705,1
0.6854294525358005,0,0.25083184028666494,3
0.45071906201337364,1,0.005119017148707448,0
0.8234405056334158,0,0.7125671871000768,3
0.5832646331409728,1,-0.10442794983363195,0
0.1627583890568227,0,0.6531865881750704,3
-0.5057402827394584,0,-0.345021755822882,1
-0.430780739519404,0,-0.3665216278474533,1
-0.7173063417910903,0,-0.36140261069874585,1
-1.0999816799487039,0,-0.31123624264141286,1
-0.047067265121675674,0,0.005119017148707448,1
0.2687704192238405,0,-0.10954696698233939,3
0.16193398674849624,0,0.0593805989250064,3
-0.5737076730481512,1,-0.34911696954184795,2
-0.3988122500076334,0,-0.3245456872280522,1
-0.9771152025892339,0,-0.34911696954184795,1
-0.24852676254160178,1,-0.3358075249552086,2
0.5302891514762909,0,1.1865881750703864,3
0.7478397606179964,0,0.5231635525979011,3
0.18287991206375379,1,0.3153314563603788,0
-0.8289059876034319,0,-0.3757358587151267,1
-0.7015816310952337,0,-0.393140517020732,1
-0.2002534273762633,1,-0.08292807780906065,2
-0.4773442032304357,1,-0.05835679549526491,2
-0.5849745045952796,0,-0.39621192730995647,1
1.1764984275289305,1,1.632966470437676,0
-1.120133736374462,1,-0.3153314563603788,2
0.4843668895606241,0,0.5549014589198874,3
-0.8068913926292327,0,-0.35014077297158946,1
-0.06709718787212604,0,0.008190427437931917,1
-0.3657445574180941,1,-0.23445098541080112,2
0.7894873438978962,1,1.3708727924238546,0
-0.6609111172177948,0,-0.3593550038392629,1
-0.5123660346248969,0,-0.3245456872280522,1
0.3274556502091539,0,0.5047350908625544,3
-0.3987206497511526,0,-0.05630918863578193,1
0.7249396964978169,0,0.7811620168927565,3
-0.6517510915697231,0,-0.3706168415664193,1
-0.44626118286464533,0,-0.3317123112362426,1
-0.6759335592806327,0,-0.3511645764013309,1
0.6885743946749717,1,0.7484003071410289,0
0.5612500381667735,0,1.3626823649859228,3
-1.111309578333486,0,-0.35730739697977987,1
-0.5983176086226375,0,-0.33785513181469157,1
-0.597493206314311,1,-0.3829024827233171,2
0.5690665933864615,1,0.4750447914000512,0
0.5772495496320723,1,0.6992577425134374,0
0.9483221886354615,1,0.940875351932429,0
-0.07882202070165796,1,-0.16380854875863834,2
-0.6720252816707887,0,-0.3665216278474533,1
-0.10837837012610302,0,1.1568978756078834,1
-0.2061769106286831,0,-0.02764269260302022,1
-0.8385240145339073,0,-0.13616585615561813,1
0.626438887362218,1,1.1558740721781418,0
0.5845470367317028,0,0.5774251343742002,3
0.5312967542975787,1,0.14230867673406705,0
-0.6385606546364997,1,-0.3480931661121065,2
0.32956245610821044,1,0.002047606859482979,0
0.4483679887637019,0,1.0043511645764014,3
1.20068089523984,1,1.1036600972613257,0
-0.3146316143018534,1,-0.37266444842590224,2
0.3284632530304418,0,-0.1781417967750192,3
-0.428826600714482,1,-0.3194266700793448,2
0.23976367133827975,0,0.10545175326337343,3
0.41984977557937164,0,0.6644484259022267,3
-0.8692711672926018,1,-0.3583312004095214,2
-1.3508442490305639,0,-0.3869976964422831,1
-0.42046044395590976,0,-0.3747120552853852,1
0.5778296845897836,0,0.696186332224213,3
0.5586546975664866,0,0.8681853084207832,3
-0.11210344722298556,0,0.11057077041208088,1
0.7408476077066349,0,1.3575633478372153,3
-0.6387438551494611,1,-0.35321218326081394,2
-0.6141949864126286,1,-0.3173790632198618,2
0.9244145216939941,0,0.34092654210391604,3
1.0817837623278679,0,0.9234706936268237,3
1.058975298464169,1,0.8497568466854364,0
-0.6432322677170162,0,-0.34195034553365755,1
0.5857073066471252,0,0.9900179165600205,3
0.44461237824799243,0,0.9111850524699258,3
-0.3894079570089463,0,-0.0491425646275915,1
0.4343836829409789,0,0.10135653954440747,3
-0.516549113004183,1,-0.3818786792935756,2
-0.800967909376813,1,-0.30202201177373944,2
0.7383133339440017,1,0.9203992833375991,0
0.5683643247534427,0,1.3411824929613514,3
0.2668773472565723,1,0.11364218070130534,0
0.5886995816921621,1,1.0821602252367546,0
0.046151262556868494,0,0.040952137189659586,3
0.37423284785197397,1,0.79037624776043,0
-0.7114744587951513,0,-0.34092654210391604,1
-0.4849164910995084,1,-0.3552597901202969,2
0.7664040792647553,1,0.7514717174302534,0
0.5164880461665292,0,0.8190427437931918,3
-0.3141736130194498,0,-0.38904530330176607,1
-0.3273640499526732,1,-0.18326081392372665,2
0.061662239320936764,0,-0.07269004351164576,3
-0.6810937070623798,1,-0.22114154082416176,2
0.014091172788617141,0,0.5559252623496289,1
0.9627644957405881,1,1.0197082160225237,0
0.4036365301822845,0,0.6275915024315332,3
0.01544231790756351,1,-0.35730739697977987,2
-0.6613691185001984,1,-0.3624264141284873,2
0.18532258556990627,0,0.41566419247504477,3
-0.6100729748709963,0,-0.3050934220629639,1
1.6405453268602486,0,1.3596109546966981,3
0.6797502366339959,1,1.29203992833376,0
-0.979680009770694,0,-0.3194266700793448,1
0.2305425788525541,0,0.11364218070130534,3
0.6032640224725963,0,0.40849756846685437,3
-0.18266617813196542,0,-0.3358075249552086,1
-1.3617141461329425,1,0.020476068594829793,2
0.9762602668620806,0,0.5426158177629895,3
0.4142316265152209,0,0.8343997952393141,3
0.8462184360782877,0,1.0289224468901972,3
-0.953360202741901,1,-0.37983107243409264,2
0.5930047937467559,1,0.5774251343742002,0
-1.5051296143629203,0,1.3657537752751472,1
0.45563494244450553,0,0.9142564627591503,3
-0.7568471191719337,1,-0.38802149987202456,2
-1.0630057097493206,0,-0.3511645764013309,1
-0.2925559524900003,1,-0.26209367801382133,2
0.0007480687612591982,1,-0.12388021499872025,2
0.31499801532777627,0,0.05528538520604044,3
-0.29038807975328995,0,-0.3675454312771948,1
0.34369942902506795,0,0.0685948297926798,3
0.2122225275564105,0,-0.0010238034297414896,3
-0.9870690971268052,0,-0.37266444842590224,1
-0.8448444322310769,1,-0.3818786792935756,2
-0.7038105706695978,0,-0.3706168415664193,1
0.7181307440994168,0,1.3790632198617865,3
-0.29844890232359317,1,-0.35014077297158946,2
-0.2339928551799945,0,-0.3634502175582288,1
0.30788372874110714,1,0.02866649603276171,0
0.47752740374339714,0,0.5743537240849756,3
-0.08621110805776923,1,-0.34195034553365755,2
-0.8706146377209856,0,-0.3644740209879703,1
